<keymap version="1" name="Mont" parent="Mac OS X 10.5+">
  <action id="$LRU">
    <keyboard-shortcut first-keystroke="shift meta alt o" />
  </action>
  <action id="ActivateTerminalToolWindow">
    <keyboard-shortcut first-keystroke="alt t" />
  </action>
  <action id="CloseProject">
    <keyboard-shortcut first-keystroke="shift meta alt p" />
  </action>
  <action id="Console.TableResult.CopyAggregatorResult" />
  <action id="CopyAbsolutePath" />
  <action id="CopyPathFromRepositoryRootProvider">
    <keyboard-shortcut first-keystroke="shift meta c" />
  </action>
  <action id="CopyPaths" />
  <action id="DatabaseView.CopyDdlAction">
    <keyboard-shortcut first-keystroke="shift meta alt g" />
  </action>
  <action id="Editor LRU">
    <keyboard-shortcut first-keystroke="shift meta alt o" />
  </action>
  <action id="EditorToggleUseSoftWraps">
    <keyboard-shortcut first-keystroke="shift meta w" />
  </action>
  <action id="FileStructurePopup">
    <keyboard-shortcut first-keystroke="meta f12" />
    <keyboard-shortcut first-keystroke="alt r" />
  </action>
  <action id="Macro.object operator">
    <keyboard-shortcut first-keystroke="alt period" />
  </action>
  <action id="RemoteHostView.CopyPaths" />
  <action id="SilentCodeCleanup">
    <keyboard-shortcut first-keystroke="alt c" />
  </action>
  <action id="SplitVertically">
    <keyboard-shortcut first-keystroke="meta back_quote" />
  </action>
  <action id="WelcomeScreen.CopyProjectPath" />
  <action id="org.intellij.plugins.markdown.ui.actions.styling.ToggleCodeSpanAction" />
</keymap>