<profile version="1.0">
  <option name="myName" value="Default" />
  <inspection_tool class="PhpCompoundNamespaceDepthInspection" enabled="true" level="WEAK WARNING" enabled_by_default="true" />
  <inspection_tool class="PhpLongTypeFormInspection" enabled="true" level="WEAK WARNING" enabled_by_default="true" />
  <inspection_tool class="PhpMissingVisibilityInspection" enabled="true" level="WEAK WARNING" enabled_by_default="true" />
  <inspection_tool class="PhpModifierOrderInspection" enabled="true" level="WEAK WARNING" enabled_by_default="true" />
  <inspection_tool class="PhpNewClassMissingParameterListInspection" enabled="true" level="WEAK WARNING" enabled_by_default="true" />
  <inspection_tool class="PhpTraitsUseListInspection" enabled="true" level="WEAK WARNING" enabled_by_default="true" />
  <inspection_tool class="PhpVarUsageInspection" enabled="true" level="WEAK WARNING" enabled_by_default="true" />
</profile>