<application>
  <component name="FeatureSuggesterSettings">
    <option name="workingDays">
      <list>
        <option value="1652859191824" />
        <option value="1653135376911" />
        <option value="1653216415688" />
        <option value="1653294872261" />
        <option value="1653370431695" />
        <option value="1653468658212" />
        <option value="1653640945230" />
        <option value="1654070068090" />
        <option value="1654112785292" />
        <option value="1654338319605" />
        <option value="1654964558429" />
        <option value="1655112839215" />
        <option value="1655195234577" />
        <option value="1655469767163" />
        <option value="1655510449821" />
        <option value="1655629915928" />
        <option value="1655725907984" />
        <option value="1655804617395" />
        <option value="1656111218412" />
        <option value="1656329356908" />
        <option value="1656671255869" />
        <option value="1657790972231" />
        <option value="1658084009280" />
        <option value="1658086995355" />
        <option value="1658182155175" />
        <option value="1658322853184" />
        <option value="1658393500598" />
        <option value="1658436351532" />
        <option value="1658521611937" />
        <option value="1658910018938" />
      </list>
    </option>
  </component>
</application>