<application>
  <component name="FileTypeManager" version="18">
    <extensionMap>
      <mapping ext="data" type="JSON" />
      <mapping ext="stub" type="JavaScript" />
      <mapping pattern="lottie" type="PLAIN_TEXT" />
      <mapping pattern="ExitButton" type="PLAIN_TEXT" />
      <mapping pattern="AboutUsScreen" type="PLAIN_TEXT" />
      <mapping pattern=".env.local" type="PLAIN_TEXT" />
      <mapping pattern="yii" type="PLAIN_TEXT" />
      <mapping pattern="brand" type="PLAIN_TEXT" />
      <mapping pattern=".env" type="PLAIN_TEXT" />
      <mapping pattern="Podfile" type="PLAIN_TEXT" />
      <mapping pattern="a62f2225bf70bfaccbc7f1ef2a397836717377de" type="PLAIN_TEXT" />
      <mapping pattern=".gitkeep" type="PLAIN_TEXT" />
      <mapping pattern="CategoryAction" type="PLAIN_TEXT" />
      <mapping ext="meta" type="PLAIN_TEXT" />
      <mapping ext="plist" type="PLAIN_TEXT" />
      <mapping ext="mp3" type="PLAIN_TEXT" />
      <mapping ext="mobileprovision" type="PLAIN_TEXT" />
      <mapping ext="woff" type="PLAIN_TEXT" />
      <mapping ext="j" type="PLAIN_TEXT" />
      <mapping ext="nib" type="PLAIN_TEXT" />
      <mapping pattern="iPhoneXMessage" type="Vue.js" />
    </extensionMap>
  </component>
</application>