<keymap version="1" name="Mac OS X 10.5+ copy" parent="Mac OS X 10.5+">
  <action id="ActivateTerminalToolWindow">
    <keyboard-shortcut first-keystroke="alt t" />
  </action>
  <action id="EslintImportCodeStyle">
    <keyboard-shortcut first-keystroke="meta alt 2" />
  </action>
  <action id="FileStructurePopup">
    <keyboard-shortcut first-keystroke="meta f12" />
    <keyboard-shortcut first-keystroke="alt r" />
  </action>
  <action id="Javascript.Linters.EsLint.Fix">
    <keyboard-shortcut first-keystroke="meta alt quote" />
  </action>
  <action id="LocalHistory.ShowHistory">
    <keyboard-shortcut first-keystroke="meta h" />
  </action>
  <action id="ManageRecentProjects">
    <keyboard-shortcut first-keystroke="shift meta alt o" />
  </action>
  <action id="SplitVertically">
    <keyboard-shortcut first-keystroke="alt s" />
  </action>
  <action id="Vcs.ReformatCommitMessage" />
</keymap>