<application>
  <component name="FileTypeManager" version="18">
    <extensionMap>
      <mapping pattern="test_unit_controller_store.stub" type="AUTO_DETECTED" />
      <mapping pattern="run_command" type="AUTO_DETECTED" />
      <mapping pattern="ConfluenceDockerfile" type="AUTO_DETECTED" />
      <mapping pattern="JiraDockerfile" type="Dockerfile" />
      <mapping pattern="test.stub" type="PHP" />
      <mapping ext="stub" type="PHP" />
      <mapping pattern=".env.test" type="PLAIN_TEXT" />
      <mapping pattern=".env.example" type="PLAIN_TEXT" />
      <mapping pattern=".env" type="PLAIN_TEXT" />
      <mapping pattern=".gitkeep" type="PLAIN_TEXT" />
      <mapping ext="plist" type="PLAIN_TEXT" />
      <mapping ext="mobileprovision" type="PLAIN_TEXT" />
      <mapping ext="car" type="PLAIN_TEXT" />
      <mapping ext="log" type="PLAIN_TEXT" />
      <mapping pattern=".dockerignore" type=".env file" />
    </extensionMap>
  </component>
</application>