<keymap version="1" name="macOS copy" parent="Mac OS X 10.5+">
  <action id="ActivateTerminalToolWindow">
    <keyboard-shortcut first-keystroke="alt f12" />
    <keyboard-shortcut first-keystroke="alt t" />
  </action>
  <action id="ActivateVersionControlToolWindow" />
  <action id="EditorToggleUseSoftWraps">
    <keyboard-shortcut first-keystroke="meta 9" />
  </action>
  <action id="FileStructurePopup">
    <keyboard-shortcut first-keystroke="meta f12" />
    <keyboard-shortcut first-keystroke="alt r" />
  </action>
  <action id="ManageRecentProjects">
    <keyboard-shortcut first-keystroke="shift meta alt o" />
  </action>
</keymap>