<keymap version="1" name="Mont" parent="Mac OS X 10.5+">
  <action id="$LRU">
    <keyboard-shortcut first-keystroke="shift meta alt o" />
  </action>
  <action id="ActivateTerminalToolWindow">
    <keyboard-shortcut first-keystroke="alt t" />
  </action>
  <action id="CloseProject">
    <keyboard-shortcut first-keystroke="shift meta alt p" />
  </action>
  <action id="Editor LRU">
    <keyboard-shortcut first-keystroke="shift meta alt o" />
  </action>
  <action id="FileStructurePopup">
    <keyboard-shortcut first-keystroke="meta f12" />
    <keyboard-shortcut first-keystroke="alt r" />
  </action>
  <action id="Macro.object operator">
    <keyboard-shortcut first-keystroke="alt period" />
  </action>
  <action id="SilentCodeCleanup">
    <keyboard-shortcut first-keystroke="alt c" />
  </action>
  <action id="SplitVertically">
    <keyboard-shortcut first-keystroke="meta back_quote" />
  </action>
</keymap>