<application>
  <component name="FeatureSuggesterSettings">
    <option name="workingDays">
      <list>
        <option value="1656057924513" />
        <option value="1656106039961" />
        <option value="1656190309832" />
        <option value="1656318062545" />
        <option value="1656396986254" />
        <option value="1656664514245" />
        <option value="1656745508721" />
        <option value="1656829322157" />
        <option value="1656876884310" />
        <option value="1656963936203" />
        <option value="1657101206639" />
        <option value="1657191163182" />
        <option value="1657262780420" />
        <option value="1657351766154" />
        <option value="1657490296671" />
        <option value="1657619549669" />
        <option value="1657703055070" />
        <option value="1657741381156" />
        <option value="1657957780028" />
        <option value="1658040001546" />
        <option value="1658086494872" />
        <option value="1658211821305" />
        <option value="1658296608994" />
        <option value="1658345668077" />
        <option value="1658576869434" />
        <option value="1658721095745" />
        <option value="1658815302007" />
        <option value="1658865995273" />
        <option value="1659163222711" />
        <option value="1659249410987" />
      </list>
    </option>
  </component>
</application>