<application>
  <component name="FileTypeManager" version="18">
    <extensionMap>
      <mapping pattern="2b93be9e54a1ef05fd3f1aaeb9d9352a50b2e472" type="PLAIN_TEXT" />
      <mapping pattern="2bb4b1db5c134f48816f17554cb1951a81114539" type="PLAIN_TEXT" />
      <mapping pattern=".env.example" type="PLAIN_TEXT" />
      <mapping pattern="1f0729b27a85a1f0f4b7579672f482a92ed675d8" type="PLAIN_TEXT" />
      <mapping pattern="0e2078679092c69aaddd69d216ece4f75e28b1d4" type="PLAIN_TEXT" />
      <mapping pattern="0a2eb583e5a05c49a1f232ff5ad6c07cad786f35" type="PLAIN_TEXT" />
      <mapping pattern="45c022e7e9da09df5b23cb3baf7d3a15f98d1e26" type="PLAIN_TEXT" />
      <mapping pattern=".env" type="PLAIN_TEXT" />
      <mapping pattern="2b78a56ad68a29c7bd18afa753cd104152b627b1" type="PLAIN_TEXT" />
      <mapping pattern=".air.conf" type="PLAIN_TEXT" />
      <mapping ext="example" type="PLAIN_TEXT" />
    </extensionMap>
  </component>
</application>